surface,series_id
tiled,0
wood,1
fine_concrete,2
wood,3
fine_concrete,4
hard_tiles_large_space,5
fine_concrete,6
wood,7
fine_concrete,8
fine_concrete,9
wood,10
tiled,11
wood,12
soft_tiles,13
concrete,14
wood,15
wood,16
fine_concrete,17
wood,18
tiled,19
soft_tiles,20
concrete,21
wood,22
hard_tiles_large_space,23
wood,24
tiled,25
tiled,26
tiled,27
wood,28
wood,29
wood,30
tiled,31
tiled,32
wood,33
soft_tiles,34
concrete,35
tiled,36
tiled,37
wood,38
wood,39
carpet,40
fine_concrete,41
soft_pvc,42
wood,43
wood,44
carpet,45
wood,46
wood,47
wood,48
wood,49
wood,50
fine_concrete,51
wood,52
wood,53
tiled,54
wood,55
tiled,56
wood,57
tiled,58
hard_tiles_large_space,59
fine_concrete,60
wood,61
wood,62
wood,63
hard_tiles_large_space,64
concrete,65
tiled,66
tiled,67
hard_tiles_large_space,68
hard_tiles_large_space,69
tiled,70
wood,71
wood,72
wood,73
fine_concrete,74
fine_concrete,75
tiled,76
wood,77
hard_tiles_large_space,78
wood,79
tiled,80
tiled,81
wood,82
tiled,83
wood,84
tiled,85
wood,86
tiled,87
wood,88
concrete,89
wood,90
wood,91
fine_concrete,92
wood,93
soft_pvc,94
concrete,95
soft_tiles,96
tiled,97
soft_pvc,98
wood,99
tiled,100
hard_tiles_large_space,101
wood,102
wood,103
soft_pvc,104
hard_tiles_large_space,105
concrete,106
wood,107
wood,108
tiled,109
soft_pvc,110
tiled,111
wood,112
fine_concrete,113
wood,114
tiled,115
fine_concrete,116
tiled,117
fine_concrete,118
soft_tiles,119
wood,120
wood,121
concrete,122
wood,123
wood,124
tiled,125
tiled,126
wood,127
wood,128
concrete,129
soft_pvc,130
concrete,131
wood,132
wood,133
wood,134
wood,135
concrete,136
wood,137
tiled,138
wood,139
soft_pvc,140
wood,141
tiled,142
wood,143
wood,144
carpet,145
hard_tiles_large_space,146
wood,147
soft_tiles,148
wood,149
wood,150
soft_tiles,151
wood,152
tiled,153
tiled,154
tiled,155
tiled,156
wood,157
tiled,158
soft_pvc,159
soft_pvc,160
fine_concrete,161
tiled,162
hard_tiles_large_space,163
wood,164
soft_pvc,165
tiled,166
tiled,167
wood,168
hard_tiles_large_space,169
wood,170
hard_tiles_large_space,171
wood,172
concrete,173
hard_tiles_large_space,174
fine_concrete,175
concrete,176
hard_tiles_large_space,177
wood,178
tiled,179
wood,180
tiled,181
wood,182
hard_tiles_large_space,183
wood,184
soft_pvc,185
tiled,186
wood,187
concrete,188
soft_pvc,189
tiled,190
wood,191
soft_tiles,192
concrete,193
wood,194
wood,195
wood,196
soft_tiles,197
concrete,198
soft_tiles,199
wood,200
soft_tiles,201
wood,202
fine_concrete,203
tiled,204
carpet,205
wood,206
fine_concrete,207
tiled,208
wood,209
soft_tiles,210
wood,211
wood,212
tiled,213
wood,214
soft_tiles,215
soft_tiles,216
fine_concrete,217
wood,218
wood,219
wood,220
wood,221
wood,222
wood,223
carpet,224
wood,225
wood,226
fine_concrete,227
wood,228
tiled,229
soft_pvc,230
tiled,231
hard_tiles_large_space,232
fine_concrete,233
fine_concrete,234
hard_tiles_large_space,235
soft_tiles,236
tiled,237
soft_pvc,238
soft_pvc,239
wood,240
tiled,241
soft_pvc,242
soft_pvc,243
wood,244
concrete,245
wood,246
tiled,247
wood,248
tiled,249
tiled,250
wood,251
wood,252
wood,253
wood,254
tiled,255
wood,256
hard_tiles_large_space,257
wood,258
tiled,259
tiled,260
wood,261
soft_tiles,262
concrete,263
soft_pvc,264
soft_tiles,265
hard_tiles_large_space,266
tiled,267
tiled,268
wood,269
tiled,270
soft_tiles,271
wood,272
hard_tiles_large_space,273
wood,274
wood,275
tiled,276
concrete,277
wood,278
concrete,279
wood,280
wood,281
wood,282
carpet,283
wood,284
hard_tiles_large_space,285
tiled,286
hard_tiles_large_space,287
tiled,288
tiled,289
hard_tiles_large_space,290
fine_concrete,291
hard_tiles_large_space,292
soft_tiles,293
wood,294
wood,295
soft_tiles,296
wood,297
concrete,298
concrete,299
tiled,300
soft_pvc,301
wood,302
wood,303
tiled,304
hard_tiles_large_space,305
tiled,306
wood,307
wood,308
wood,309
hard_tiles_large_space,310
soft_pvc,311
soft_tiles,312
wood,313
fine_concrete,314
wood,315
concrete,316
wood,317
wood,318
fine_concrete,319
hard_tiles_large_space,320
wood,321
tiled,322
concrete,323
tiled,324
wood,325
hard_tiles_large_space,326
wood,327
soft_pvc,328
wood,329
hard_tiles_large_space,330
wood,331
soft_pvc,332
tiled,333
concrete,334
wood,335
tiled,336
wood,337
wood,338
wood,339
wood,340
hard_tiles_large_space,341
wood,342
soft_tiles,343
wood,344
wood,345
fine_concrete,346
wood,347
wood,348
tiled,349
hard_tiles_large_space,350
soft_pvc,351
tiled,352
soft_tiles,353
wood,354
tiled,355
concrete,356
concrete,357
wood,358
soft_tiles,359
wood,360
hard_tiles_large_space,361
concrete,362
wood,363
tiled,364
wood,365
wood,366
wood,367
wood,368
wood,369
fine_concrete,370
concrete,371
wood,372
wood,373
wood,374
wood,375
tiled,376
tiled,377
soft_pvc,378
wood,379
tiled,380
soft_tiles,381
wood,382
hard_tiles_large_space,383
tiled,384
hard_tiles_large_space,385
wood,386
soft_tiles,387
fine_concrete,388
tiled,389
soft_tiles,390
wood,391
tiled,392
tiled,393
soft_pvc,394
soft_pvc,395
soft_pvc,396
wood,397
hard_tiles_large_space,398
hard_tiles_large_space,399
tiled,400
wood,401
carpet,402
wood,403
wood,404
soft_tiles,405
carpet,406
concrete,407
fine_concrete,408
hard_tiles_large_space,409
wood,410
wood,411
wood,412
wood,413
fine_concrete,414
wood,415
hard_tiles_large_space,416
wood,417
soft_pvc,418
tiled,419
wood,420
wood,421
tiled,422
soft_tiles,423
wood,424
tiled,425
tiled,426
tiled,427
hard_tiles_large_space,428
tiled,429
wood,430
wood,431
wood,432
tiled,433
concrete,434
wood,435
hard_tiles_large_space,436
tiled,437
fine_concrete,438
soft_pvc,439
fine_concrete,440
tiled,441
wood,442
wood,443
wood,444
wood,445
fine_concrete,446
hard_tiles_large_space,447
wood,448
concrete,449
wood,450
tiled,451
fine_concrete,452
wood,453
tiled,454
wood,455
concrete,456
tiled,457
hard_tiles_large_space,458
wood,459
soft_tiles,460
wood,461
tiled,462
wood,463
wood,464
wood,465
soft_pvc,466
soft_pvc,467
wood,468
soft_tiles,469
wood,470
soft_tiles,471
wood,472
tiled,473
tiled,474
concrete,475
wood,476
tiled,477
wood,478
wood,479
fine_concrete,480
wood,481
tiled,482
tiled,483
wood,484
wood,485
soft_tiles,486
wood,487
fine_concrete,488
wood,489
wood,490
wood,491
concrete,492
wood,493
wood,494
fine_concrete,495
wood,496
wood,497
soft_tiles,498
wood,499
wood,500
fine_concrete,501
tiled,502
tiled,503
soft_pvc,504
hard_tiles_large_space,505
wood,506
wood,507
wood,508
fine_concrete,509
soft_tiles,510
wood,511
tiled,512
soft_tiles,513
wood,514
tiled,515
hard_tiles_large_space,516
wood,517
wood,518
wood,519
concrete,520
soft_tiles,521
tiled,522
soft_pvc,523
concrete,524
hard_tiles_large_space,525
tiled,526
soft_tiles,527
wood,528
hard_tiles_large_space,529
wood,530
tiled,531
wood,532
wood,533
wood,534
soft_tiles,535
concrete,536
wood,537
wood,538
wood,539
hard_tiles_large_space,540
tiled,541
hard_tiles_large_space,542
tiled,543
tiled,544
wood,545
wood,546
soft_pvc,547
tiled,548
wood,549
wood,550
soft_tiles,551
fine_concrete,552
wood,553
wood,554
wood,555
wood,556
wood,557
soft_pvc,558
wood,559
wood,560
hard_tiles_large_space,561
soft_pvc,562
wood,563
wood,564
tiled,565
fine_concrete,566
wood,567
wood,568
wood,569
tiled,570
wood,571
wood,572
wood,573
wood,574
wood,575
tiled,576
hard_tiles_large_space,577
tiled,578
wood,579
carpet,580
tiled,581
wood,582
soft_pvc,583
tiled,584
tiled,585
tiled,586
soft_pvc,587
wood,588
tiled,589
tiled,590
wood,591
wood,592
wood,593
soft_pvc,594
soft_tiles,595
wood,596
wood,597
tiled,598
concrete,599
hard_tiles_large_space,600
tiled,601
tiled,602
tiled,603
wood,604
wood,605
soft_tiles,606
soft_pvc,607
wood,608
wood,609
fine_concrete,610
soft_pvc,611
wood,612
wood,613
soft_pvc,614
wood,615
hard_tiles_large_space,616
wood,617
wood,618
carpet,619
concrete,620
concrete,621
concrete,622
wood,623
soft_pvc,624
wood,625
wood,626
wood,627
soft_tiles,628
fine_concrete,629
wood,630
wood,631
wood,632
wood,633
wood,634
concrete,635
wood,636
wood,637
soft_tiles,638
tiled,639
soft_pvc,640
hard_tiles_large_space,641
concrete,642
tiled,643
carpet,644
wood,645
wood,646
wood,647
wood,648
hard_tiles_large_space,649
wood,650
fine_concrete,651
wood,652
wood,653
wood,654
fine_concrete,655
tiled,656
wood,657
tiled,658
wood,659
hard_tiles_large_space,660
tiled,661
wood,662
wood,663
wood,664
tiled,665
concrete,666
tiled,667
tiled,668
tiled,669
wood,670
fine_concrete,671
tiled,672
wood,673
tiled,674
concrete,675
wood,676
tiled,677
wood,678
wood,679
fine_concrete,680
concrete,681
concrete,682
concrete,683
tiled,684
wood,685
wood,686
tiled,687
soft_pvc,688
wood,689
tiled,690
concrete,691
wood,692
wood,693
wood,694
fine_concrete,695
wood,696
wood,697
soft_tiles,698
soft_tiles,699
wood,700
wood,701
wood,702
tiled,703
concrete,704
tiled,705
hard_tiles_large_space,706
wood,707
wood,708
tiled,709
wood,710
tiled,711
hard_tiles_large_space,712
wood,713
fine_concrete,714
fine_concrete,715
fine_concrete,716
wood,717
tiled,718
wood,719
soft_pvc,720
tiled,721
soft_pvc,722
tiled,723
tiled,724
wood,725
wood,726
wood,727
wood,728
wood,729
tiled,730
wood,731
wood,732
hard_tiles_large_space,733
tiled,734
concrete,735
concrete,736
wood,737
wood,738
concrete,739
fine_concrete,740
wood,741
hard_tiles_large_space,742
wood,743
wood,744
wood,745
concrete,746
wood,747
concrete,748
wood,749
concrete,750
soft_tiles,751
fine_concrete,752
concrete,753
wood,754
soft_tiles,755
soft_tiles,756
tiled,757
wood,758
fine_concrete,759
wood,760
tiled,761
soft_tiles,762
soft_pvc,763
concrete,764
wood,765
wood,766
concrete,767
soft_tiles,768
fine_concrete,769
wood,770
tiled,771
wood,772
soft_tiles,773
wood,774
wood,775
concrete,776
concrete,777
soft_tiles,778
tiled,779
wood,780
wood,781
concrete,782
hard_tiles_large_space,783
tiled,784
wood,785
hard_tiles_large_space,786
tiled,787
tiled,788
wood,789
tiled,790
wood,791
tiled,792
wood,793
wood,794
wood,795
soft_pvc,796
wood,797
wood,798
tiled,799
soft_pvc,800
concrete,801
hard_tiles_large_space,802
fine_concrete,803
wood,804
tiled,805
wood,806
soft_tiles,807
hard_tiles_large_space,808
tiled,809
wood,810
wood,811
soft_tiles,812
wood,813
carpet,814
wood,815
wood,816
soft_tiles,817
soft_pvc,818
hard_tiles_large_space,819
concrete,820
wood,821
tiled,822
wood,823
tiled,824
wood,825
soft_pvc,826
wood,827
soft_pvc,828
wood,829
wood,830
wood,831
tiled,832
wood,833
tiled,834
soft_tiles,835
wood,836
hard_tiles_large_space,837
wood,838
concrete,839
tiled,840
soft_pvc,841
concrete,842
tiled,843
wood,844
concrete,845
soft_pvc,846
concrete,847
tiled,848
wood,849
wood,850
wood,851
hard_tiles_large_space,852
tiled,853
tiled,854
concrete,855
tiled,856
wood,857
wood,858
concrete,859
wood,860
tiled,861
wood,862
soft_pvc,863
tiled,864
wood,865
wood,866
soft_tiles,867
tiled,868
hard_tiles_large_space,869
soft_tiles,870
fine_concrete,871
soft_pvc,872
tiled,873
fine_concrete,874
wood,875
fine_concrete,876
wood,877
tiled,878
hard_tiles_large_space,879
soft_pvc,880
concrete,881
soft_pvc,882
wood,883
soft_tiles,884
wood,885
tiled,886
tiled,887
soft_pvc,888
wood,889
tiled,890
concrete,891
wood,892
tiled,893
soft_tiles,894
hard_tiles_large_space,895
wood,896
wood,897
fine_concrete,898
wood,899
wood,900
wood,901
hard_tiles_large_space,902
wood,903
tiled,904
wood,905
wood,906
wood,907
wood,908
wood,909
concrete,910
concrete,911
wood,912
fine_concrete,913
wood,914
fine_concrete,915
fine_concrete,916
soft_pvc,917
soft_pvc,918
tiled,919
hard_tiles_large_space,920
wood,921
fine_concrete,922
fine_concrete,923
carpet,924
wood,925
wood,926
wood,927
wood,928
fine_concrete,929
wood,930
soft_pvc,931
wood,932
wood,933
wood,934
wood,935
wood,936
soft_tiles,937
wood,938
wood,939
concrete,940
tiled,941
tiled,942
wood,943
wood,944
wood,945
wood,946
concrete,947
soft_pvc,948
tiled,949
concrete,950
concrete,951
concrete,952
fine_concrete,953
soft_pvc,954
concrete,955
wood,956
wood,957
soft_tiles,958
wood,959
soft_pvc,960
soft_pvc,961
tiled,962
tiled,963
concrete,964
fine_concrete,965
fine_concrete,966
soft_pvc,967
wood,968
soft_pvc,969
hard_tiles_large_space,970
wood,971
wood,972
hard_tiles_large_space,973
wood,974
wood,975
wood,976
tiled,977
wood,978
wood,979
wood,980
soft_pvc,981
wood,982
soft_tiles,983
wood,984
tiled,985
concrete,986
wood,987
wood,988
soft_pvc,989
wood,990
wood,991
fine_concrete,992
tiled,993
tiled,994
wood,995
wood,996
wood,997
hard_tiles_large_space,998
tiled,999
soft_tiles,1000
hard_tiles_large_space,1001
tiled,1002
soft_pvc,1003
concrete,1004
soft_pvc,1005
soft_pvc,1006
wood,1007
wood,1008
tiled,1009
wood,1010
hard_tiles_large_space,1011
wood,1012
fine_concrete,1013
tiled,1014
wood,1015
tiled,1016
soft_pvc,1017
wood,1018
wood,1019
wood,1020
hard_tiles_large_space,1021
hard_tiles_large_space,1022
wood,1023
soft_pvc,1024
soft_tiles,1025
wood,1026
concrete,1027
wood,1028
wood,1029
wood,1030
soft_tiles,1031
tiled,1032
wood,1033
hard_tiles_large_space,1034
tiled,1035
wood,1036
carpet,1037
wood,1038
tiled,1039
hard_tiles_large_space,1040
carpet,1041
wood,1042
wood,1043
concrete,1044
wood,1045
soft_pvc,1046
wood,1047
wood,1048
wood,1049
wood,1050
wood,1051
wood,1052
wood,1053
wood,1054
tiled,1055
wood,1056
concrete,1057
wood,1058
wood,1059
wood,1060
hard_tiles_large_space,1061
hard_tiles_large_space,1062
fine_concrete,1063
wood,1064
fine_concrete,1065
wood,1066
tiled,1067
wood,1068
soft_tiles,1069
hard_tiles_large_space,1070
tiled,1071
wood,1072
wood,1073
wood,1074
concrete,1075
wood,1076
wood,1077
soft_tiles,1078
soft_tiles,1079
concrete,1080
hard_tiles_large_space,1081
fine_concrete,1082
wood,1083
concrete,1084
tiled,1085
wood,1086
tiled,1087
wood,1088
fine_concrete,1089
wood,1090
wood,1091
tiled,1092
tiled,1093
wood,1094
tiled,1095
wood,1096
wood,1097
wood,1098
concrete,1099
soft_pvc,1100
wood,1101
concrete,1102
wood,1103
concrete,1104
wood,1105
soft_pvc,1106
wood,1107
wood,1108
wood,1109
tiled,1110
soft_tiles,1111
wood,1112
soft_pvc,1113
wood,1114
wood,1115
concrete,1116
wood,1117
soft_tiles,1118
wood,1119
tiled,1120
tiled,1121
wood,1122
wood,1123
tiled,1124
wood,1125
concrete,1126
hard_tiles_large_space,1127
tiled,1128
tiled,1129
tiled,1130
tiled,1131
wood,1132
concrete,1133
soft_tiles,1134
hard_tiles_large_space,1135
tiled,1136
wood,1137
soft_tiles,1138
tiled,1139
wood,1140
tiled,1141
soft_pvc,1142
soft_pvc,1143
wood,1144
concrete,1145
soft_pvc,1146
soft_tiles,1147
soft_pvc,1148
concrete,1149
wood,1150
tiled,1151
soft_tiles,1152
wood,1153
soft_tiles,1154
wood,1155
tiled,1156
tiled,1157
concrete,1158
wood,1159
concrete,1160
wood,1161
fine_concrete,1162
tiled,1163
soft_tiles,1164
wood,1165
wood,1166
wood,1167
tiled,1168
wood,1169
wood,1170
tiled,1171
hard_tiles_large_space,1172
wood,1173
wood,1174
concrete,1175
tiled,1176
wood,1177
wood,1178
hard_tiles_large_space,1179
concrete,1180
tiled,1181
wood,1182
fine_concrete,1183
tiled,1184
soft_pvc,1185
tiled,1186
fine_concrete,1187
tiled,1188
soft_tiles,1189
wood,1190
tiled,1191
tiled,1192
wood,1193
wood,1194
wood,1195
fine_concrete,1196
wood,1197
wood,1198
soft_tiles,1199
fine_concrete,1200
concrete,1201
wood,1202
concrete,1203
soft_tiles,1204
soft_tiles,1205
wood,1206
soft_tiles,1207
tiled,1208
tiled,1209
wood,1210
fine_concrete,1211
tiled,1212
tiled,1213
wood,1214
wood,1215
fine_concrete,1216
tiled,1217
fine_concrete,1218
wood,1219
tiled,1220
tiled,1221
wood,1222
wood,1223
tiled,1224
tiled,1225
tiled,1226
concrete,1227
wood,1228
wood,1229
soft_pvc,1230
soft_pvc,1231
hard_tiles_large_space,1232
wood,1233
soft_tiles,1234
wood,1235
hard_tiles_large_space,1236
hard_tiles_large_space,1237
wood,1238
tiled,1239
concrete,1240
wood,1241
wood,1242
wood,1243
wood,1244
tiled,1245
wood,1246
tiled,1247
hard_tiles_large_space,1248
tiled,1249
soft_tiles,1250
wood,1251
tiled,1252
wood,1253
wood,1254
concrete,1255
wood,1256
concrete,1257
carpet,1258
tiled,1259
wood,1260
wood,1261
wood,1262
wood,1263
fine_concrete,1264
wood,1265
soft_pvc,1266
wood,1267
hard_tiles_large_space,1268
hard_tiles_large_space,1269
carpet,1270
tiled,1271
wood,1272
fine_concrete,1273
soft_pvc,1274
wood,1275
wood,1276
tiled,1277
hard_tiles_large_space,1278
fine_concrete,1279
concrete,1280
tiled,1281
wood,1282
soft_pvc,1283
wood,1284
wood,1285
tiled,1286
hard_tiles_large_space,1287
soft_tiles,1288
wood,1289
concrete,1290
concrete,1291
soft_tiles,1292
fine_concrete,1293
soft_pvc,1294
tiled,1295
wood,1296
concrete,1297
wood,1298
soft_tiles,1299
wood,1300
fine_concrete,1301
wood,1302
soft_pvc,1303
wood,1304
tiled,1305
wood,1306
soft_pvc,1307
tiled,1308
tiled,1309
tiled,1310
concrete,1311
wood,1312
wood,1313
wood,1314
fine_concrete,1315
concrete,1316
tiled,1317
wood,1318
tiled,1319
fine_concrete,1320
tiled,1321
tiled,1322
soft_tiles,1323
hard_tiles_large_space,1324
hard_tiles_large_space,1325
wood,1326
soft_tiles,1327
wood,1328
concrete,1329
tiled,1330
soft_tiles,1331
carpet,1332
concrete,1333
concrete,1334
fine_concrete,1335
soft_pvc,1336
tiled,1337
hard_tiles_large_space,1338
soft_pvc,1339
wood,1340
wood,1341
concrete,1342
soft_tiles,1343
soft_pvc,1344
wood,1345
hard_tiles_large_space,1346
tiled,1347
tiled,1348
fine_concrete,1349
wood,1350
concrete,1351
tiled,1352
wood,1353
tiled,1354
wood,1355
tiled,1356
wood,1357
soft_tiles,1358
fine_concrete,1359
wood,1360
wood,1361
tiled,1362
wood,1363
wood,1364
tiled,1365
hard_tiles_large_space,1366
tiled,1367
tiled,1368
tiled,1369
hard_tiles_large_space,1370
tiled,1371
wood,1372
soft_tiles,1373
soft_tiles,1374
hard_tiles_large_space,1375
wood,1376
hard_tiles_large_space,1377
wood,1378
tiled,1379
soft_pvc,1380
tiled,1381
wood,1382
soft_pvc,1383
wood,1384
wood,1385
tiled,1386
wood,1387
wood,1388
wood,1389
tiled,1390
wood,1391
wood,1392
concrete,1393
concrete,1394
wood,1395
fine_concrete,1396
wood,1397
wood,1398
wood,1399
fine_concrete,1400
wood,1401
wood,1402
soft_pvc,1403
wood,1404
wood,1405
wood,1406
soft_tiles,1407
tiled,1408
soft_pvc,1409
wood,1410
soft_tiles,1411
fine_concrete,1412
wood,1413
soft_pvc,1414
soft_pvc,1415
soft_pvc,1416
wood,1417
wood,1418
tiled,1419
soft_pvc,1420
wood,1421
wood,1422
wood,1423
hard_tiles_large_space,1424
concrete,1425
soft_pvc,1426
fine_concrete,1427
soft_tiles,1428
concrete,1429
wood,1430
wood,1431
hard_tiles_large_space,1432
tiled,1433
fine_concrete,1434
tiled,1435
tiled,1436
wood,1437
wood,1438
wood,1439
fine_concrete,1440
tiled,1441
wood,1442
tiled,1443
wood,1444
wood,1445
tiled,1446
wood,1447
tiled,1448
fine_concrete,1449
tiled,1450
soft_pvc,1451
wood,1452
wood,1453
wood,1454
carpet,1455
soft_tiles,1456
tiled,1457
concrete,1458
concrete,1459
fine_concrete,1460
wood,1461
concrete,1462
tiled,1463
hard_tiles_large_space,1464
tiled,1465
tiled,1466
tiled,1467
concrete,1468
wood,1469
wood,1470
concrete,1471
soft_pvc,1472
wood,1473
fine_concrete,1474
wood,1475
wood,1476
tiled,1477
hard_tiles_large_space,1478
concrete,1479
wood,1480
wood,1481
tiled,1482
wood,1483
wood,1484
wood,1485
soft_tiles,1486
tiled,1487
tiled,1488
wood,1489
wood,1490
wood,1491
tiled,1492
soft_tiles,1493
concrete,1494
wood,1495
wood,1496
tiled,1497
hard_tiles_large_space,1498
hard_tiles_large_space,1499
wood,1500
soft_pvc,1501
wood,1502
wood,1503
soft_pvc,1504
wood,1505
wood,1506
hard_tiles_large_space,1507
wood,1508
wood,1509
wood,1510
tiled,1511
wood,1512
tiled,1513
wood,1514
hard_tiles_large_space,1515
hard_tiles_large_space,1516
soft_pvc,1517
soft_tiles,1518
wood,1519
soft_pvc,1520
wood,1521
soft_tiles,1522
wood,1523
wood,1524
wood,1525
wood,1526
hard_tiles_large_space,1527
wood,1528
wood,1529
carpet,1530
wood,1531
wood,1532
concrete,1533
hard_tiles_large_space,1534
wood,1535
tiled,1536
wood,1537
fine_concrete,1538
concrete,1539
wood,1540
soft_pvc,1541
wood,1542
wood,1543
tiled,1544
concrete,1545
tiled,1546
wood,1547
tiled,1548
soft_pvc,1549
wood,1550
wood,1551
soft_tiles,1552
soft_pvc,1553
fine_concrete,1554
wood,1555
fine_concrete,1556
hard_tiles_large_space,1557
soft_pvc,1558
tiled,1559
wood,1560
soft_pvc,1561
tiled,1562
tiled,1563
wood,1564
wood,1565
wood,1566
hard_tiles_large_space,1567
wood,1568
tiled,1569
hard_tiles_large_space,1570
wood,1571
soft_pvc,1572
concrete,1573
hard_tiles_large_space,1574
soft_tiles,1575
concrete,1576
hard_tiles_large_space,1577
tiled,1578
wood,1579
hard_tiles_large_space,1580
wood,1581
wood,1582
hard_tiles_large_space,1583
wood,1584
tiled,1585
wood,1586
tiled,1587
wood,1588
wood,1589
wood,1590
wood,1591
tiled,1592
tiled,1593
wood,1594
concrete,1595
fine_concrete,1596
fine_concrete,1597
carpet,1598
hard_tiles_large_space,1599
concrete,1600
wood,1601
soft_pvc,1602
fine_concrete,1603
fine_concrete,1604
wood,1605
tiled,1606
wood,1607
tiled,1608
wood,1609
fine_concrete,1610
soft_pvc,1611
tiled,1612
concrete,1613
wood,1614
soft_tiles,1615
concrete,1616
fine_concrete,1617
wood,1618
tiled,1619
wood,1620
fine_concrete,1621
soft_pvc,1622
fine_concrete,1623
wood,1624
wood,1625
tiled,1626
concrete,1627
soft_pvc,1628
wood,1629
hard_tiles_large_space,1630
soft_tiles,1631
wood,1632
wood,1633
wood,1634
wood,1635
wood,1636
wood,1637
fine_concrete,1638
wood,1639
wood,1640
concrete,1641
wood,1642
tiled,1643
wood,1644
wood,1645
soft_tiles,1646
tiled,1647
fine_concrete,1648
wood,1649
wood,1650
soft_pvc,1651
hard_tiles_large_space,1652
wood,1653
wood,1654
carpet,1655
fine_concrete,1656
wood,1657
fine_concrete,1658
wood,1659
fine_concrete,1660
wood,1661
hard_tiles_large_space,1662
wood,1663
tiled,1664
soft_tiles,1665
wood,1666
tiled,1667
soft_tiles,1668
wood,1669
wood,1670
wood,1671
wood,1672
soft_pvc,1673
wood,1674
wood,1675
wood,1676
wood,1677
soft_tiles,1678
concrete,1679
wood,1680
wood,1681
tiled,1682
wood,1683
wood,1684
tiled,1685
concrete,1686
concrete,1687
soft_tiles,1688
hard_tiles_large_space,1689
hard_tiles_large_space,1690
soft_tiles,1691
wood,1692
tiled,1693
wood,1694
tiled,1695
wood,1696
tiled,1697
hard_tiles_large_space,1698
tiled,1699
tiled,1700
wood,1701
concrete,1702
tiled,1703
tiled,1704
concrete,1705
soft_pvc,1706
wood,1707
wood,1708
wood,1709
tiled,1710
tiled,1711
wood,1712
hard_tiles_large_space,1713
wood,1714
wood,1715
wood,1716
soft_tiles,1717
wood,1718
fine_concrete,1719
tiled,1720
hard_tiles_large_space,1721
fine_concrete,1722
hard_tiles_large_space,1723
hard_tiles_large_space,1724
fine_concrete,1725
tiled,1726
tiled,1727
tiled,1728
wood,1729
tiled,1730
fine_concrete,1731
tiled,1732
wood,1733
tiled,1734
wood,1735
soft_tiles,1736
wood,1737
hard_tiles_large_space,1738
hard_tiles_large_space,1739
tiled,1740
wood,1741
wood,1742
wood,1743
tiled,1744
tiled,1745
wood,1746
soft_tiles,1747
fine_concrete,1748
wood,1749
hard_tiles_large_space,1750
soft_tiles,1751
tiled,1752
hard_tiles_large_space,1753
wood,1754
wood,1755
wood,1756
soft_pvc,1757
fine_concrete,1758
wood,1759
carpet,1760
soft_tiles,1761
tiled,1762
wood,1763
tiled,1764
concrete,1765
hard_tiles_large_space,1766
soft_tiles,1767
wood,1768
wood,1769
wood,1770
concrete,1771
concrete,1772
wood,1773
tiled,1774
concrete,1775
fine_concrete,1776
wood,1777
wood,1778
concrete,1779
soft_pvc,1780
wood,1781
wood,1782
tiled,1783
wood,1784
fine_concrete,1785
tiled,1786
tiled,1787
tiled,1788
soft_tiles,1789
soft_tiles,1790
wood,1791
carpet,1792
wood,1793
wood,1794
hard_tiles_large_space,1795
wood,1796
tiled,1797
concrete,1798
carpet,1799
wood,1800
tiled,1801
wood,1802
wood,1803
concrete,1804
wood,1805
wood,1806
tiled,1807
soft_tiles,1808
tiled,1809
soft_tiles,1810
soft_tiles,1811
soft_tiles,1812
wood,1813
wood,1814
soft_pvc,1815
soft_pvc,1816
wood,1817
wood,1818
wood,1819
wood,1820
wood,1821
soft_tiles,1822
wood,1823
wood,1824
wood,1825
wood,1826
tiled,1827
soft_tiles,1828
tiled,1829
tiled,1830
wood,1831
wood,1832
wood,1833
soft_pvc,1834
tiled,1835
wood,1836
wood,1837
soft_tiles,1838
wood,1839
wood,1840
hard_tiles_large_space,1841
hard_tiles_large_space,1842
wood,1843
wood,1844
soft_pvc,1845
tiled,1846
wood,1847
wood,1848
soft_pvc,1849
tiled,1850
tiled,1851
soft_tiles,1852
wood,1853
soft_tiles,1854
soft_tiles,1855
soft_tiles,1856
soft_tiles,1857
soft_tiles,1858
wood,1859
wood,1860
tiled,1861
tiled,1862
tiled,1863
fine_concrete,1864
tiled,1865
wood,1866
soft_pvc,1867
tiled,1868
fine_concrete,1869
wood,1870
soft_tiles,1871
tiled,1872
tiled,1873
hard_tiles_large_space,1874
wood,1875
tiled,1876
wood,1877
tiled,1878
wood,1879
wood,1880
tiled,1881
wood,1882
wood,1883
wood,1884
fine_concrete,1885
tiled,1886
hard_tiles_large_space,1887
soft_tiles,1888
wood,1889
wood,1890
fine_concrete,1891
tiled,1892
fine_concrete,1893
fine_concrete,1894
tiled,1895
concrete,1896
wood,1897
soft_pvc,1898
tiled,1899
wood,1900
tiled,1901
wood,1902
tiled,1903
tiled,1904
wood,1905
fine_concrete,1906
wood,1907
tiled,1908
tiled,1909
soft_tiles,1910
fine_concrete,1911
wood,1912
soft_pvc,1913
wood,1914
wood,1915
wood,1916
wood,1917
concrete,1918
soft_pvc,1919
wood,1920
wood,1921
wood,1922
soft_pvc,1923
wood,1924
wood,1925
wood,1926
tiled,1927
tiled,1928
wood,1929
wood,1930
concrete,1931
carpet,1932
tiled,1933
wood,1934
wood,1935
wood,1936
wood,1937
tiled,1938
tiled,1939
wood,1940
tiled,1941
tiled,1942
wood,1943
hard_tiles_large_space,1944
carpet,1945
fine_concrete,1946
concrete,1947
wood,1948
wood,1949
hard_tiles_large_space,1950
wood,1951
hard_tiles_large_space,1952
hard_tiles_large_space,1953
concrete,1954
soft_tiles,1955
tiled,1956
soft_pvc,1957
hard_tiles_large_space,1958
wood,1959
wood,1960
wood,1961
tiled,1962
wood,1963
concrete,1964
concrete,1965
hard_tiles_large_space,1966
wood,1967
wood,1968
wood,1969
wood,1970
tiled,1971
concrete,1972
soft_pvc,1973
tiled,1974
soft_tiles,1975
concrete,1976
hard_tiles_large_space,1977
tiled,1978
wood,1979
hard_tiles_large_space,1980
wood,1981
wood,1982
tiled,1983
tiled,1984
wood,1985
tiled,1986
wood,1987
wood,1988
tiled,1989
wood,1990
tiled,1991
tiled,1992
tiled,1993
tiled,1994
concrete,1995
concrete,1996
wood,1997
wood,1998
wood,1999
hard_tiles_large_space,2000
tiled,2001
concrete,2002
soft_tiles,2003
wood,2004
soft_pvc,2005
hard_tiles_large_space,2006
wood,2007
wood,2008
soft_tiles,2009
wood,2010
tiled,2011
wood,2012
concrete,2013
hard_tiles_large_space,2014
wood,2015
wood,2016
tiled,2017
wood,2018
soft_tiles,2019
tiled,2020
fine_concrete,2021
wood,2022
tiled,2023
tiled,2024
carpet,2025
wood,2026
hard_tiles_large_space,2027
hard_tiles_large_space,2028
wood,2029
concrete,2030
wood,2031
wood,2032
soft_pvc,2033
wood,2034
wood,2035
wood,2036
wood,2037
wood,2038
tiled,2039
wood,2040
soft_tiles,2041
soft_pvc,2042
concrete,2043
wood,2044
tiled,2045
soft_tiles,2046
fine_concrete,2047
wood,2048
wood,2049
tiled,2050
soft_pvc,2051
wood,2052
fine_concrete,2053
wood,2054
wood,2055
soft_pvc,2056
carpet,2057
concrete,2058
wood,2059
tiled,2060
wood,2061
soft_pvc,2062
tiled,2063
fine_concrete,2064
soft_pvc,2065
tiled,2066
hard_tiles_large_space,2067
wood,2068
concrete,2069
wood,2070
tiled,2071
soft_pvc,2072
tiled,2073
fine_concrete,2074
wood,2075
soft_pvc,2076
tiled,2077
fine_concrete,2078
wood,2079
tiled,2080
soft_tiles,2081
fine_concrete,2082
tiled,2083
concrete,2084
concrete,2085
concrete,2086
wood,2087
tiled,2088
wood,2089
hard_tiles_large_space,2090
wood,2091
tiled,2092
wood,2093
wood,2094
tiled,2095
fine_concrete,2096
wood,2097
wood,2098
wood,2099
concrete,2100
tiled,2101
soft_pvc,2102
hard_tiles_large_space,2103
soft_tiles,2104
wood,2105
wood,2106
wood,2107
soft_tiles,2108
concrete,2109
tiled,2110
wood,2111
wood,2112
tiled,2113
carpet,2114
concrete,2115
tiled,2116
concrete,2117
tiled,2118
tiled,2119
wood,2120
wood,2121
wood,2122
soft_pvc,2123
hard_tiles_large_space,2124
soft_tiles,2125
wood,2126
wood,2127
concrete,2128
tiled,2129
tiled,2130
tiled,2131
wood,2132
hard_tiles_large_space,2133
wood,2134
soft_pvc,2135
hard_tiles_large_space,2136
soft_pvc,2137
wood,2138
wood,2139
soft_pvc,2140
wood,2141
wood,2142
concrete,2143
wood,2144
concrete,2145
soft_tiles,2146
fine_concrete,2147
concrete,2148
fine_concrete,2149
wood,2150
wood,2151
fine_concrete,2152
wood,2153
wood,2154
tiled,2155
wood,2156
wood,2157
soft_tiles,2158
wood,2159
fine_concrete,2160
soft_tiles,2161
wood,2162
hard_tiles_large_space,2163
wood,2164
fine_concrete,2165
tiled,2166
wood,2167
soft_pvc,2168
tiled,2169
fine_concrete,2170
soft_pvc,2171
wood,2172
soft_tiles,2173
wood,2174
wood,2175
wood,2176
wood,2177
hard_tiles_large_space,2178
tiled,2179
wood,2180
tiled,2181
tiled,2182
wood,2183
wood,2184
fine_concrete,2185
hard_tiles_large_space,2186
wood,2187
hard_tiles_large_space,2188
wood,2189
tiled,2190
soft_pvc,2191
wood,2192
wood,2193
tiled,2194
tiled,2195
wood,2196
concrete,2197
tiled,2198
fine_concrete,2199
tiled,2200
wood,2201
wood,2202
tiled,2203
wood,2204
hard_tiles_large_space,2205
wood,2206
wood,2207
hard_tiles_large_space,2208
tiled,2209
wood,2210
soft_pvc,2211
wood,2212
fine_concrete,2213
wood,2214
hard_tiles_large_space,2215
wood,2216
tiled,2217
wood,2218
wood,2219
fine_concrete,2220
hard_tiles_large_space,2221
tiled,2222
wood,2223
wood,2224
tiled,2225
wood,2226
wood,2227
wood,2228
soft_tiles,2229
wood,2230
wood,2231
wood,2232
wood,2233
wood,2234
tiled,2235
hard_tiles_large_space,2236
wood,2237
wood,2238
wood,2239
wood,2240
wood,2241
wood,2242
wood,2243
tiled,2244
fine_concrete,2245
fine_concrete,2246
wood,2247
tiled,2248
wood,2249
soft_pvc,2250
wood,2251
wood,2252
soft_pvc,2253
fine_concrete,2254
wood,2255
tiled,2256
tiled,2257
tiled,2258
soft_pvc,2259
tiled,2260
wood,2261
tiled,2262
wood,2263
tiled,2264
hard_tiles_large_space,2265
wood,2266
wood,2267
soft_tiles,2268
fine_concrete,2269
wood,2270
wood,2271
wood,2272
wood,2273
tiled,2274
wood,2275
fine_concrete,2276
tiled,2277
wood,2278
wood,2279
tiled,2280
wood,2281
tiled,2282
tiled,2283
carpet,2284
concrete,2285
tiled,2286
tiled,2287
tiled,2288
concrete,2289
wood,2290
fine_concrete,2291
tiled,2292
hard_tiles_large_space,2293
wood,2294
tiled,2295
wood,2296
soft_pvc,2297
soft_pvc,2298
wood,2299
wood,2300
wood,2301
wood,2302
wood,2303
tiled,2304
hard_tiles_large_space,2305
wood,2306
wood,2307
soft_pvc,2308
concrete,2309
fine_concrete,2310
concrete,2311
wood,2312
soft_tiles,2313
tiled,2314
wood,2315
wood,2316
concrete,2317
wood,2318
wood,2319
fine_concrete,2320
soft_tiles,2321
carpet,2322
wood,2323
wood,2324
tiled,2325
hard_tiles_large_space,2326
tiled,2327
soft_tiles,2328
wood,2329
wood,2330
soft_pvc,2331
soft_pvc,2332
wood,2333
wood,2334
tiled,2335
wood,2336
wood,2337
soft_pvc,2338
soft_tiles,2339
wood,2340
tiled,2341
wood,2342
tiled,2343
wood,2344
fine_concrete,2345
concrete,2346
tiled,2347
soft_pvc,2348
tiled,2349
hard_tiles_large_space,2350
wood,2351
soft_pvc,2352
wood,2353
soft_tiles,2354
soft_tiles,2355
wood,2356
soft_pvc,2357
wood,2358
wood,2359
wood,2360
wood,2361
wood,2362
soft_pvc,2363
concrete,2364
wood,2365
soft_tiles,2366
concrete,2367
concrete,2368
wood,2369
concrete,2370
wood,2371
wood,2372
wood,2373
soft_pvc,2374
wood,2375
hard_tiles_large_space,2376
wood,2377
wood,2378
wood,2379
tiled,2380
soft_tiles,2381
tiled,2382
wood,2383
fine_concrete,2384
concrete,2385
tiled,2386
fine_concrete,2387
wood,2388
wood,2389
soft_pvc,2390
wood,2391
soft_pvc,2392
wood,2393
tiled,2394
soft_tiles,2395
soft_pvc,2396
wood,2397
tiled,2398
concrete,2399
wood,2400
wood,2401
tiled,2402
carpet,2403
hard_tiles_large_space,2404
tiled,2405
wood,2406
tiled,2407
tiled,2408
wood,2409
hard_tiles_large_space,2410
hard_tiles_large_space,2411
tiled,2412
concrete,2413
wood,2414
tiled,2415
wood,2416
tiled,2417
wood,2418
tiled,2419
wood,2420
tiled,2421
tiled,2422
tiled,2423
soft_tiles,2424
concrete,2425
wood,2426
tiled,2427
concrete,2428
wood,2429
wood,2430
hard_tiles_large_space,2431
wood,2432
wood,2433
wood,2434
soft_tiles,2435
fine_concrete,2436
tiled,2437
hard_tiles_large_space,2438
wood,2439
soft_pvc,2440
fine_concrete,2441
soft_pvc,2442
wood,2443
tiled,2444
soft_pvc,2445
wood,2446
tiled,2447
hard_tiles_large_space,2448
wood,2449
concrete,2450
wood,2451
soft_tiles,2452
wood,2453
wood,2454
fine_concrete,2455
wood,2456
wood,2457
soft_tiles,2458
tiled,2459
hard_tiles_large_space,2460
wood,2461
soft_tiles,2462
wood,2463
wood,2464
tiled,2465
wood,2466
soft_tiles,2467
concrete,2468
wood,2469
wood,2470
hard_tiles_large_space,2471
soft_pvc,2472
soft_pvc,2473
concrete,2474
fine_concrete,2475
tiled,2476
wood,2477
wood,2478
fine_concrete,2479
concrete,2480
soft_tiles,2481
soft_tiles,2482
wood,2483
wood,2484
fine_concrete,2485
tiled,2486
hard_tiles_large_space,2487
hard_tiles_large_space,2488
wood,2489
tiled,2490
concrete,2491
wood,2492
wood,2493
hard_tiles_large_space,2494
tiled,2495
soft_pvc,2496
wood,2497
wood,2498
concrete,2499
wood,2500
wood,2501
soft_tiles,2502
wood,2503
soft_tiles,2504
wood,2505
wood,2506
concrete,2507
wood,2508
soft_pvc,2509
tiled,2510
concrete,2511
wood,2512
soft_tiles,2513
soft_pvc,2514
tiled,2515
wood,2516
fine_concrete,2517
fine_concrete,2518
fine_concrete,2519
soft_tiles,2520
tiled,2521
wood,2522
soft_tiles,2523
wood,2524
carpet,2525
soft_tiles,2526
hard_tiles_large_space,2527
wood,2528
tiled,2529
tiled,2530
tiled,2531
tiled,2532
hard_tiles_large_space,2533
fine_concrete,2534
wood,2535
wood,2536
tiled,2537
soft_tiles,2538
tiled,2539
hard_tiles_large_space,2540
soft_pvc,2541
wood,2542
tiled,2543
wood,2544
wood,2545
wood,2546
soft_pvc,2547
fine_concrete,2548
fine_concrete,2549
wood,2550
fine_concrete,2551
wood,2552
tiled,2553
tiled,2554
wood,2555
tiled,2556
hard_tiles_large_space,2557
wood,2558
soft_tiles,2559
hard_tiles_large_space,2560
soft_tiles,2561
wood,2562
tiled,2563
wood,2564
wood,2565
tiled,2566
wood,2567
wood,2568
wood,2569
soft_pvc,2570
wood,2571
wood,2572
tiled,2573
wood,2574
wood,2575
soft_pvc,2576
wood,2577
wood,2578
soft_pvc,2579
tiled,2580
tiled,2581
carpet,2582
concrete,2583
tiled,2584
soft_tiles,2585
wood,2586
wood,2587
concrete,2588
tiled,2589
soft_tiles,2590
soft_tiles,2591
soft_pvc,2592
tiled,2593
tiled,2594
concrete,2595
wood,2596
wood,2597
wood,2598
soft_tiles,2599
soft_pvc,2600
concrete,2601
wood,2602
soft_pvc,2603
tiled,2604
concrete,2605
wood,2606
wood,2607
wood,2608
fine_concrete,2609
hard_tiles_large_space,2610
fine_concrete,2611
soft_pvc,2612
concrete,2613
wood,2614
wood,2615
wood,2616
wood,2617
wood,2618
wood,2619
wood,2620
wood,2621
wood,2622
hard_tiles_large_space,2623
fine_concrete,2624
soft_tiles,2625
wood,2626
concrete,2627
wood,2628
wood,2629
hard_tiles_large_space,2630
tiled,2631
wood,2632
wood,2633
wood,2634
soft_pvc,2635
wood,2636
wood,2637
tiled,2638
soft_pvc,2639
wood,2640
wood,2641
fine_concrete,2642
tiled,2643
fine_concrete,2644
wood,2645
wood,2646
wood,2647
concrete,2648
wood,2649
fine_concrete,2650
soft_tiles,2651
fine_concrete,2652
wood,2653
wood,2654
tiled,2655
wood,2656
soft_pvc,2657
wood,2658
soft_pvc,2659
soft_tiles,2660
carpet,2661
wood,2662
soft_pvc,2663
wood,2664
concrete,2665
wood,2666
wood,2667
wood,2668
wood,2669
wood,2670
hard_tiles_large_space,2671
soft_pvc,2672
wood,2673
soft_tiles,2674
tiled,2675
wood,2676
wood,2677
hard_tiles_large_space,2678
wood,2679
concrete,2680
fine_concrete,2681
soft_tiles,2682
concrete,2683
tiled,2684
tiled,2685
wood,2686
fine_concrete,2687
wood,2688
tiled,2689
wood,2690
wood,2691
wood,2692
wood,2693
wood,2694
tiled,2695
tiled,2696
hard_tiles_large_space,2697
soft_pvc,2698
wood,2699
concrete,2700
wood,2701
wood,2702
soft_pvc,2703
hard_tiles_large_space,2704
soft_tiles,2705
fine_concrete,2706
tiled,2707
hard_tiles_large_space,2708
concrete,2709
wood,2710
wood,2711
wood,2712
wood,2713
hard_tiles_large_space,2714
wood,2715
hard_tiles_large_space,2716
wood,2717
tiled,2718
wood,2719
soft_pvc,2720
tiled,2721
wood,2722
fine_concrete,2723
wood,2724
wood,2725
wood,2726
tiled,2727
wood,2728
tiled,2729
wood,2730
wood,2731
wood,2732
tiled,2733
wood,2734
wood,2735
tiled,2736
soft_pvc,2737
tiled,2738
soft_tiles,2739
wood,2740
wood,2741
wood,2742
wood,2743
carpet,2744
wood,2745
hard_tiles_large_space,2746
concrete,2747
tiled,2748
wood,2749
wood,2750
wood,2751
concrete,2752
wood,2753
wood,2754
tiled,2755
tiled,2756
wood,2757
fine_concrete,2758
concrete,2759
tiled,2760
soft_tiles,2761
hard_tiles_large_space,2762
hard_tiles_large_space,2763
soft_tiles,2764
concrete,2765
concrete,2766
wood,2767
soft_tiles,2768
tiled,2769
tiled,2770
hard_tiles_large_space,2771
soft_pvc,2772
soft_tiles,2773
tiled,2774
wood,2775
soft_pvc,2776
soft_tiles,2777
wood,2778
wood,2779
wood,2780
wood,2781
wood,2782
tiled,2783
fine_concrete,2784
soft_pvc,2785
concrete,2786
tiled,2787
hard_tiles_large_space,2788
wood,2789
fine_concrete,2790
wood,2791
soft_pvc,2792
wood,2793
soft_pvc,2794
carpet,2795
wood,2796
tiled,2797
tiled,2798
wood,2799
tiled,2800
concrete,2801
tiled,2802
soft_pvc,2803
fine_concrete,2804
concrete,2805
wood,2806
wood,2807
tiled,2808
fine_concrete,2809
wood,2810
soft_pvc,2811
tiled,2812
soft_tiles,2813
hard_tiles_large_space,2814
concrete,2815
carpet,2816
wood,2817
wood,2818
tiled,2819
wood,2820
wood,2821
wood,2822
fine_concrete,2823
wood,2824
concrete,2825
tiled,2826
soft_tiles,2827
tiled,2828
tiled,2829
concrete,2830
fine_concrete,2831
soft_tiles,2832
wood,2833
tiled,2834
hard_tiles_large_space,2835
soft_tiles,2836
soft_tiles,2837
wood,2838
hard_tiles_large_space,2839
wood,2840
concrete,2841
wood,2842
hard_tiles_large_space,2843
wood,2844
soft_pvc,2845
wood,2846
concrete,2847
wood,2848
hard_tiles_large_space,2849
wood,2850
tiled,2851
soft_pvc,2852
fine_concrete,2853
wood,2854
wood,2855
tiled,2856
wood,2857
wood,2858
concrete,2859
hard_tiles_large_space,2860
wood,2861
hard_tiles_large_space,2862
wood,2863
soft_tiles,2864
tiled,2865
concrete,2866
fine_concrete,2867
wood,2868
concrete,2869
soft_pvc,2870
hard_tiles_large_space,2871
wood,2872
concrete,2873
wood,2874
tiled,2875
soft_pvc,2876
concrete,2877
fine_concrete,2878
wood,2879
hard_tiles_large_space,2880
soft_pvc,2881
wood,2882
carpet,2883
tiled,2884
wood,2885
soft_pvc,2886
tiled,2887
tiled,2888
wood,2889
soft_tiles,2890
soft_tiles,2891
wood,2892
fine_concrete,2893
concrete,2894
wood,2895
fine_concrete,2896
soft_tiles,2897
wood,2898
concrete,2899
concrete,2900
tiled,2901
wood,2902
fine_concrete,2903
fine_concrete,2904
concrete,2905
tiled,2906
wood,2907
wood,2908
wood,2909
wood,2910
fine_concrete,2911
fine_concrete,2912
wood,2913
tiled,2914
tiled,2915
wood,2916
concrete,2917
soft_pvc,2918
tiled,2919
soft_pvc,2920
tiled,2921
wood,2922
wood,2923
fine_concrete,2924
wood,2925
wood,2926
tiled,2927
concrete,2928
wood,2929
tiled,2930
soft_tiles,2931
fine_concrete,2932
wood,2933
wood,2934
soft_pvc,2935
wood,2936
wood,2937
wood,2938
tiled,2939
tiled,2940
wood,2941
hard_tiles_large_space,2942
tiled,2943
fine_concrete,2944
wood,2945
wood,2946
soft_pvc,2947
concrete,2948
wood,2949
concrete,2950
wood,2951
tiled,2952
hard_tiles_large_space,2953
hard_tiles_large_space,2954
concrete,2955
concrete,2956
wood,2957
fine_concrete,2958
fine_concrete,2959
tiled,2960
wood,2961
tiled,2962
hard_tiles_large_space,2963
wood,2964
soft_pvc,2965
wood,2966
wood,2967
concrete,2968
soft_pvc,2969
soft_tiles,2970
wood,2971
tiled,2972
tiled,2973
wood,2974
wood,2975
wood,2976
tiled,2977
hard_tiles_large_space,2978
tiled,2979
wood,2980
hard_tiles_large_space,2981
wood,2982
wood,2983
wood,2984
wood,2985
wood,2986
carpet,2987
wood,2988
soft_pvc,2989
wood,2990
hard_tiles_large_space,2991
wood,2992
soft_pvc,2993
wood,2994
soft_tiles,2995
tiled,2996
tiled,2997
concrete,2998
soft_pvc,2999
wood,3000
concrete,3001
fine_concrete,3002
tiled,3003
tiled,3004
wood,3005
tiled,3006
tiled,3007
soft_tiles,3008
soft_tiles,3009
tiled,3010
tiled,3011
fine_concrete,3012
soft_tiles,3013
soft_tiles,3014
tiled,3015
concrete,3016
concrete,3017
concrete,3018
wood,3019
wood,3020
soft_pvc,3021
fine_concrete,3022
soft_tiles,3023
wood,3024
tiled,3025
tiled,3026
fine_concrete,3027
soft_tiles,3028
wood,3029
hard_tiles_large_space,3030
wood,3031
concrete,3032
wood,3033
wood,3034
wood,3035
carpet,3036
wood,3037
wood,3038
wood,3039
wood,3040
wood,3041
tiled,3042
concrete,3043
concrete,3044
wood,3045
wood,3046
wood,3047
concrete,3048
soft_pvc,3049
wood,3050
fine_concrete,3051
wood,3052
concrete,3053
hard_tiles_large_space,3054
tiled,3055
wood,3056
soft_pvc,3057
wood,3058
wood,3059
soft_pvc,3060
wood,3061
fine_concrete,3062
tiled,3063
soft_pvc,3064
tiled,3065
wood,3066
tiled,3067
tiled,3068
wood,3069
fine_concrete,3070
wood,3071
concrete,3072
wood,3073
soft_pvc,3074
wood,3075
wood,3076
tiled,3077
wood,3078
wood,3079
soft_tiles,3080
wood,3081
tiled,3082
hard_tiles_large_space,3083
soft_pvc,3084
carpet,3085
wood,3086
wood,3087
wood,3088
wood,3089
soft_tiles,3090
tiled,3091
wood,3092
wood,3093
wood,3094
wood,3095
wood,3096
wood,3097
concrete,3098
wood,3099
wood,3100
soft_pvc,3101
tiled,3102
wood,3103
wood,3104
wood,3105
wood,3106
wood,3107
wood,3108
tiled,3109
concrete,3110
soft_pvc,3111
soft_tiles,3112
fine_concrete,3113
wood,3114
concrete,3115
wood,3116
carpet,3117
tiled,3118
hard_tiles_large_space,3119
tiled,3120
wood,3121
tiled,3122
wood,3123
hard_tiles_large_space,3124
tiled,3125
wood,3126
wood,3127
wood,3128
tiled,3129
wood,3130
wood,3131
wood,3132
wood,3133
tiled,3134
wood,3135
wood,3136
fine_concrete,3137
fine_concrete,3138
soft_tiles,3139
wood,3140
wood,3141
wood,3142
wood,3143
wood,3144
tiled,3145
concrete,3146
wood,3147
tiled,3148
wood,3149
wood,3150
concrete,3151
soft_pvc,3152
tiled,3153
soft_tiles,3154
soft_tiles,3155
hard_tiles_large_space,3156
concrete,3157
tiled,3158
wood,3159
wood,3160
tiled,3161
wood,3162
fine_concrete,3163
soft_pvc,3164
fine_concrete,3165
soft_tiles,3166
wood,3167
soft_pvc,3168
wood,3169
hard_tiles_large_space,3170
wood,3171
wood,3172
soft_pvc,3173
soft_pvc,3174
wood,3175
concrete,3176
wood,3177
tiled,3178
tiled,3179
soft_pvc,3180
fine_concrete,3181
wood,3182
soft_pvc,3183
wood,3184
concrete,3185
tiled,3186
tiled,3187
concrete,3188
wood,3189
wood,3190
tiled,3191
wood,3192
tiled,3193
wood,3194
hard_tiles_large_space,3195
soft_tiles,3196
soft_pvc,3197
wood,3198
hard_tiles_large_space,3199
fine_concrete,3200
concrete,3201
concrete,3202
wood,3203
wood,3204
fine_concrete,3205
soft_pvc,3206
soft_pvc,3207
wood,3208
fine_concrete,3209
soft_pvc,3210
fine_concrete,3211
tiled,3212
soft_pvc,3213
hard_tiles_large_space,3214
concrete,3215
wood,3216
wood,3217
soft_tiles,3218
tiled,3219
hard_tiles_large_space,3220
carpet,3221
tiled,3222
soft_pvc,3223
tiled,3224
concrete,3225
wood,3226
soft_tiles,3227
wood,3228
concrete,3229
tiled,3230
soft_pvc,3231
wood,3232
wood,3233
concrete,3234
soft_pvc,3235
hard_tiles_large_space,3236
tiled,3237
wood,3238
soft_pvc,3239
soft_pvc,3240
wood,3241
hard_tiles_large_space,3242
wood,3243
wood,3244
wood,3245
fine_concrete,3246
concrete,3247
wood,3248
tiled,3249
concrete,3250
wood,3251
wood,3252
wood,3253
tiled,3254
soft_pvc,3255
wood,3256
wood,3257
tiled,3258
wood,3259
wood,3260
soft_pvc,3261
concrete,3262
wood,3263
wood,3264
wood,3265
tiled,3266
wood,3267
wood,3268
hard_tiles_large_space,3269
tiled,3270
wood,3271
fine_concrete,3272
tiled,3273
tiled,3274
wood,3275
tiled,3276
wood,3277
wood,3278
wood,3279
soft_pvc,3280
fine_concrete,3281
wood,3282
wood,3283
soft_pvc,3284
soft_pvc,3285
wood,3286
concrete,3287
tiled,3288
tiled,3289
tiled,3290
concrete,3291
soft_pvc,3292
wood,3293
wood,3294
tiled,3295
fine_concrete,3296
hard_tiles_large_space,3297
wood,3298
wood,3299
soft_pvc,3300
tiled,3301
soft_tiles,3302
tiled,3303
wood,3304
tiled,3305
hard_tiles_large_space,3306
soft_pvc,3307
wood,3308
tiled,3309
soft_pvc,3310
wood,3311
tiled,3312
wood,3313
wood,3314
wood,3315
wood,3316
wood,3317
wood,3318
wood,3319
wood,3320
wood,3321
wood,3322
wood,3323
wood,3324
tiled,3325
fine_concrete,3326
soft_tiles,3327
soft_pvc,3328
tiled,3329
hard_tiles_large_space,3330
wood,3331
wood,3332
wood,3333
hard_tiles_large_space,3334
concrete,3335
hard_tiles_large_space,3336
wood,3337
wood,3338
soft_pvc,3339
hard_tiles_large_space,3340
wood,3341
hard_tiles_large_space,3342
hard_tiles_large_space,3343
wood,3344
tiled,3345
fine_concrete,3346
tiled,3347
wood,3348
fine_concrete,3349
tiled,3350
wood,3351
tiled,3352
soft_tiles,3353
soft_tiles,3354
soft_tiles,3355
soft_pvc,3356
soft_tiles,3357
tiled,3358
concrete,3359
hard_tiles_large_space,3360
carpet,3361
hard_tiles_large_space,3362
concrete,3363
wood,3364
wood,3365
fine_concrete,3366
tiled,3367
soft_tiles,3368
concrete,3369
wood,3370
wood,3371
hard_tiles_large_space,3372
tiled,3373
wood,3374
wood,3375
wood,3376
tiled,3377
wood,3378
wood,3379
wood,3380
wood,3381
tiled,3382
hard_tiles_large_space,3383
fine_concrete,3384
wood,3385
concrete,3386
tiled,3387
wood,3388
wood,3389
tiled,3390
wood,3391
tiled,3392
soft_tiles,3393
fine_concrete,3394
fine_concrete,3395
soft_pvc,3396
wood,3397
wood,3398
wood,3399
tiled,3400
wood,3401
wood,3402
wood,3403
hard_tiles_large_space,3404
hard_tiles_large_space,3405
hard_tiles_large_space,3406
soft_tiles,3407
fine_concrete,3408
tiled,3409
tiled,3410
wood,3411
wood,3412
wood,3413
wood,3414
tiled,3415
soft_tiles,3416
wood,3417
wood,3418
wood,3419
wood,3420
concrete,3421
concrete,3422
wood,3423
wood,3424
concrete,3425
tiled,3426
concrete,3427
wood,3428
tiled,3429
wood,3430
wood,3431
hard_tiles_large_space,3432
tiled,3433
hard_tiles_large_space,3434
soft_tiles,3435
carpet,3436
carpet,3437
wood,3438
wood,3439
carpet,3440
wood,3441
soft_pvc,3442
wood,3443
tiled,3444
wood,3445
soft_pvc,3446
soft_pvc,3447
hard_tiles_large_space,3448
wood,3449
wood,3450
fine_concrete,3451
tiled,3452
wood,3453
soft_tiles,3454
wood,3455
wood,3456
wood,3457
wood,3458
wood,3459
tiled,3460
wood,3461
wood,3462
fine_concrete,3463
concrete,3464
wood,3465
wood,3466
wood,3467
tiled,3468
tiled,3469
wood,3470
wood,3471
concrete,3472
wood,3473
hard_tiles_large_space,3474
hard_tiles_large_space,3475
wood,3476
hard_tiles_large_space,3477
soft_pvc,3478
concrete,3479
carpet,3480
wood,3481
wood,3482
soft_pvc,3483
tiled,3484
wood,3485
wood,3486
hard_tiles_large_space,3487
fine_concrete,3488
soft_pvc,3489
tiled,3490
wood,3491
tiled,3492
tiled,3493
wood,3494
tiled,3495
wood,3496
wood,3497
wood,3498
hard_tiles_large_space,3499
tiled,3500
wood,3501
soft_pvc,3502
hard_tiles_large_space,3503
wood,3504
soft_pvc,3505
soft_tiles,3506
hard_tiles_large_space,3507
tiled,3508
soft_pvc,3509
wood,3510
tiled,3511
hard_tiles_large_space,3512
tiled,3513
wood,3514
wood,3515
wood,3516
hard_tiles_large_space,3517
wood,3518
soft_pvc,3519
tiled,3520
concrete,3521
fine_concrete,3522
wood,3523
wood,3524
hard_tiles_large_space,3525
wood,3526
tiled,3527
wood,3528
carpet,3529
soft_tiles,3530
soft_tiles,3531
wood,3532
wood,3533
fine_concrete,3534
concrete,3535
fine_concrete,3536
wood,3537
soft_tiles,3538
wood,3539
wood,3540
concrete,3541
tiled,3542
wood,3543
hard_tiles_large_space,3544
tiled,3545
soft_tiles,3546
wood,3547
tiled,3548
soft_pvc,3549
tiled,3550
wood,3551
wood,3552
wood,3553
wood,3554
wood,3555
wood,3556
wood,3557
tiled,3558
wood,3559
hard_tiles_large_space,3560
wood,3561
soft_pvc,3562
wood,3563
hard_tiles_large_space,3564
concrete,3565
soft_pvc,3566
concrete,3567
soft_pvc,3568
tiled,3569
soft_tiles,3570
soft_tiles,3571
wood,3572
concrete,3573
tiled,3574
hard_tiles_large_space,3575
wood,3576
wood,3577
tiled,3578
fine_concrete,3579
wood,3580
hard_tiles_large_space,3581
wood,3582
fine_concrete,3583
wood,3584
soft_tiles,3585
soft_pvc,3586
wood,3587
fine_concrete,3588
wood,3589
wood,3590
tiled,3591
soft_pvc,3592
wood,3593
concrete,3594
tiled,3595
tiled,3596
wood,3597
fine_concrete,3598
hard_tiles_large_space,3599
wood,3600
tiled,3601
hard_tiles_large_space,3602
soft_pvc,3603
soft_pvc,3604
concrete,3605
wood,3606
concrete,3607
concrete,3608
tiled,3609
carpet,3610
carpet,3611
wood,3612
wood,3613
wood,3614
tiled,3615
tiled,3616
fine_concrete,3617
tiled,3618
tiled,3619
hard_tiles_large_space,3620
hard_tiles_large_space,3621
wood,3622
tiled,3623
wood,3624
tiled,3625
tiled,3626
wood,3627
fine_concrete,3628
wood,3629
wood,3630
wood,3631
concrete,3632
tiled,3633
tiled,3634
soft_tiles,3635
tiled,3636
wood,3637
tiled,3638
soft_pvc,3639
wood,3640
hard_tiles_large_space,3641
wood,3642
fine_concrete,3643
concrete,3644
wood,3645
wood,3646
soft_tiles,3647
tiled,3648
concrete,3649
concrete,3650
wood,3651
concrete,3652
wood,3653
hard_tiles_large_space,3654
concrete,3655
wood,3656
wood,3657
tiled,3658
wood,3659
fine_concrete,3660
tiled,3661
soft_tiles,3662
wood,3663
fine_concrete,3664
fine_concrete,3665
hard_tiles_large_space,3666
wood,3667
wood,3668
wood,3669
tiled,3670
tiled,3671
wood,3672
wood,3673
concrete,3674
fine_concrete,3675
wood,3676
concrete,3677
concrete,3678
concrete,3679
fine_concrete,3680
concrete,3681
concrete,3682
wood,3683
wood,3684
hard_tiles_large_space,3685
hard_tiles_large_space,3686
wood,3687
wood,3688
wood,3689
wood,3690
wood,3691
fine_concrete,3692
wood,3693
tiled,3694
soft_tiles,3695
wood,3696
concrete,3697
wood,3698
tiled,3699
fine_concrete,3700
wood,3701
wood,3702
tiled,3703
soft_tiles,3704
soft_pvc,3705
wood,3706
fine_concrete,3707
wood,3708
soft_pvc,3709
wood,3710
concrete,3711
wood,3712
wood,3713
wood,3714
soft_tiles,3715
wood,3716
wood,3717
wood,3718
concrete,3719
fine_concrete,3720
tiled,3721
soft_tiles,3722
wood,3723
wood,3724
wood,3725
tiled,3726
hard_tiles_large_space,3727
fine_concrete,3728
soft_tiles,3729
wood,3730
tiled,3731
tiled,3732
soft_pvc,3733
wood,3734
wood,3735
tiled,3736
fine_concrete,3737
wood,3738
soft_tiles,3739
soft_pvc,3740
concrete,3741
fine_concrete,3742
wood,3743
tiled,3744
soft_pvc,3745
wood,3746
wood,3747
wood,3748
wood,3749
concrete,3750
wood,3751
wood,3752
concrete,3753
wood,3754
soft_tiles,3755
wood,3756
soft_pvc,3757
wood,3758
hard_tiles_large_space,3759
tiled,3760
wood,3761
wood,3762
hard_tiles_large_space,3763
tiled,3764
soft_pvc,3765
wood,3766
wood,3767
tiled,3768
wood,3769
fine_concrete,3770
soft_tiles,3771
wood,3772
fine_concrete,3773
soft_tiles,3774
fine_concrete,3775
wood,3776
wood,3777
wood,3778
wood,3779
wood,3780
soft_pvc,3781
tiled,3782
soft_tiles,3783
tiled,3784
hard_tiles_large_space,3785
wood,3786
concrete,3787
wood,3788
concrete,3789
wood,3790
wood,3791
wood,3792
wood,3793
wood,3794
wood,3795
tiled,3796
wood,3797
wood,3798
hard_tiles_large_space,3799
hard_tiles_large_space,3800
carpet,3801
wood,3802
tiled,3803
wood,3804
wood,3805
concrete,3806
fine_concrete,3807
tiled,3808
tiled,3809
wood,3810
wood,3811
concrete,3812
wood,3813
wood,3814
wood,3815
